{"cameraMode":{"drawMode":0,"name":"Shaded","section":"Shading Mode"},"sceneLighting":true,"audioPlay":false,"sceneViewState":{"showFog":false,"showMaterialUpdate":true,"showSkybox":false,"showFlares":true,"showImageEffects":true,"showParticleSystems":true},"in2DMode":false,"pivot":{"x":0.45399999618530276,"y":1.8550000190734864,"z":0.26499998569488528},"rotation":{"x":-0.025791360065340997,"y":0.9606280326843262,"z":-0.09541407972574234,"w":-0.2596665322780609},"size":10.0,"orthographic":true}