{"cameraMode":{"drawMode":0,"name":"Shaded","section":"Shading Mode"},"sceneLighting":false,"audioPlay":false,"sceneViewState":{"showFog":true,"showMaterialUpdate":true,"showSkybox":false,"showFlares":true,"showImageEffects":true,"showParticleSystems":true},"in2DMode":false,"pivot":{"x":0.002678915858268738,"y":0.08639609813690186,"z":-0.00047235190868377686},"rotation":{"x":-0.00011216468556085601,"y":0.982194185256958,"z":-0.18787695467472077,"w":-0.0005919223767705262},"size":0.15599894523620606,"orthographic":false}