{"cameraMode":{"drawMode":0,"name":"Shaded","section":"Shading Mode"},"sceneLighting":false,"audioPlay":false,"sceneViewState":{"showFog":true,"showMaterialUpdate":true,"showSkybox":false,"showFlares":true,"showImageEffects":true,"showParticleSystems":true},"in2DMode":false,"pivot":{"x":511.5111083984375,"y":328.9998779296875,"z":-0.02044677734375},"rotation":{"x":0.12065987288951874,"y":0.31295475363731387,"z":-0.04011935368180275,"w":0.9412184953689575},"size":78.73804473876953,"orthographic":true}