{"cameraMode":{"drawMode":0,"name":"Shaded","section":"Shading Mode"},"sceneLighting":false,"audioPlay":false,"sceneViewState":{"showFog":true,"showMaterialUpdate":true,"showSkybox":false,"showFlares":true,"showImageEffects":true,"showParticleSystems":true},"in2DMode":false,"pivot":{"x":-6.000034332275391,"y":0.682950496673584,"z":-0.006578952074050903},"rotation":{"x":0.6732798218727112,"y":-0.01773936301469803,"z":0.01616182178258896,"w":0.7389979958534241},"size":2.8200743198394777,"orthographic":true}