{"cameraMode":{"drawMode":0,"name":"Shaded","section":"Shading Mode"},"sceneLighting":false,"audioPlay":false,"sceneViewState":{"showFog":false,"showMaterialUpdate":true,"showSkybox":false,"showFlares":true,"showImageEffects":true,"showParticleSystems":true},"in2DMode":false,"pivot":{"x":-0.38603535294532778,"y":1.5232793092727662,"z":0.6501981616020203},"rotation":{"x":-0.004445380065590143,"y":-0.9800369739532471,"z":-0.022054556757211686,"w":0.19753937423229218},"size":3.7073352336883547,"orthographic":true}