{"cameraMode":{"drawMode":0,"name":"Shaded","section":"Shading Mode"},"sceneLighting":false,"audioPlay":false,"sceneViewState":{"showFog":true,"showMaterialUpdate":true,"showSkybox":false,"showFlares":true,"showImageEffects":true,"showParticleSystems":true},"in2DMode":false,"pivot":{"x":445.83782958984377,"y":249.6640625,"z":-4.480717658996582},"rotation":{"x":-0.00515547813847661,"y":0.5115513801574707,"z":0.003069280181080103,"w":0.8592315316200256},"size":11.80000114440918,"orthographic":false}