{"cameraMode":{"drawMode":0,"name":"Shaded","section":"Shading Mode"},"sceneLighting":false,"audioPlay":false,"sceneViewState":{"showFog":true,"showMaterialUpdate":true,"showSkybox":false,"showFlares":true,"showImageEffects":true,"showParticleSystems":true},"in2DMode":false,"pivot":{"x":-0.9308302402496338,"y":1.3774672746658326,"z":6.24822473526001},"rotation":{"x":-0.08884057402610779,"y":0.8581762313842773,"z":-0.15882258117198945,"w":-0.4800281226634979},"size":1.664829969406128,"orthographic":false}