{"cameraMode":{"drawMode":0,"name":"Shaded","section":"Shading Mode"},"sceneLighting":false,"audioPlay":false,"sceneViewState":{"showFog":true,"showMaterialUpdate":true,"showSkybox":false,"showFlares":true,"showImageEffects":true,"showParticleSystems":true},"in2DMode":false,"pivot":{"x":-8.833224296569825,"y":1.4473956823349,"z":0.08277344703674317},"rotation":{"x":-0.004475174937397242,"y":0.9807878136634827,"z":-0.1937149316072464,"w":-0.02266288921236992},"size":0.6448410749435425,"orthographic":false}