{"cameraMode":{"drawMode":0,"name":"Shaded","section":"Shading Mode"},"sceneLighting":false,"audioPlay":false,"sceneViewState":{"showFog":true,"showMaterialUpdate":true,"showSkybox":false,"showFlares":true,"showImageEffects":true,"showParticleSystems":true},"in2DMode":false,"pivot":{"x":-5.960464477539063e-8,"y":5.960464477539063e-8,"z":-0.003185335546731949},"rotation":{"x":0.008318452164530754,"y":0.984238862991333,"z":-0.1699644923210144,"w":0.04816502332687378},"size":0.5373287200927734,"orthographic":false}