{"cameraMode":{"drawMode":0,"name":"Shaded","section":"Shading Mode"},"sceneLighting":false,"audioPlay":false,"sceneViewState":{"showFog":false,"showMaterialUpdate":true,"showSkybox":false,"showFlares":true,"showImageEffects":true,"showParticleSystems":true},"in2DMode":false,"pivot":{"x":-0.0618743896484375,"y":0.4808673858642578,"z":-0.27853918075561526},"rotation":{"x":0.04922410100698471,"y":0.893063485622406,"z":-0.10089576244354248,"w":0.43570050597190859},"size":3.0543274879455568,"orthographic":false}