{"cameraMode":{"drawMode":0,"name":"Shaded","section":"Shading Mode"},"sceneLighting":false,"audioPlay":false,"sceneViewState":{"showFog":false,"showMaterialUpdate":true,"showSkybox":false,"showFlares":true,"showImageEffects":true,"showParticleSystems":true},"in2DMode":false,"pivot":{"x":0.46687161922454836,"y":1.1338540315628052,"z":-0.12363564968109131},"rotation":{"x":-0.04910583049058914,"y":0.9508545398712158,"z":-0.2206311821937561,"w":-0.21163135766983033},"size":0.7824534773826599,"orthographic":false}