{"cameraMode":{"drawMode":0,"name":"Shaded","section":"Shading Mode"},"sceneLighting":false,"audioPlay":false,"sceneViewState":{"showFog":false,"showMaterialUpdate":true,"showSkybox":false,"showFlares":true,"showImageEffects":true,"showParticleSystems":true},"in2DMode":false,"pivot":{"x":0.0,"y":0.8434659838676453,"z":-0.06295651197433472},"rotation":{"x":-0.0055643231607973579,"y":0.9848871827125549,"z":-0.17007672786712647,"w":-0.032220907509326938},"size":1.4290839433670045,"orthographic":false}