{"cameraMode":{"drawMode":0,"name":"Shaded","section":"Shading Mode"},"sceneLighting":false,"audioPlay":false,"sceneViewState":{"showFog":false,"showMaterialUpdate":true,"showSkybox":false,"showFlares":true,"showImageEffects":true,"showParticleSystems":true},"in2DMode":false,"pivot":{"x":0.49993759393692019,"y":-0.36210525035858157,"z":-1.2861604690551758},"rotation":{"x":-0.015597083605825901,"y":0.9819614291191101,"z":-0.16350993514060975,"w":-0.09366894513368607},"size":1.9071071147918702,"orthographic":false}