{"cameraMode":{"drawMode":0,"name":"Shaded","section":"Shading Mode"},"sceneLighting":false,"audioPlay":false,"sceneViewState":{"showFog":true,"showMaterialUpdate":true,"showSkybox":false,"showFlares":true,"showImageEffects":true,"showParticleSystems":true},"in2DMode":false,"pivot":{"x":0.014879614114761353,"y":0.25081878900527956,"z":0.09597831964492798},"rotation":{"x":0.014100916683673859,"y":0.9843597412109375,"z":-0.14877139031887055,"w":0.09329979121685028},"size":0.5136030912399292,"orthographic":true}