{"cameraMode":{"drawMode":0,"name":"Shaded","section":"Shading Mode"},"sceneLighting":false,"audioPlay":false,"sceneViewState":{"showFog":false,"showMaterialUpdate":true,"showSkybox":false,"showFlares":true,"showImageEffects":true,"showParticleSystems":true},"in2DMode":false,"pivot":{"x":536.8157958984375,"y":244.32505798339845,"z":0.8014304041862488},"rotation":{"x":0.0014933259226381779,"y":0.0943598523736,"z":-0.00014141551218926907,"w":0.9955383539199829},"size":149.6321258544922,"orthographic":true}