{"cameraMode":{"drawMode":0,"name":"Shaded","section":"Shading Mode"},"sceneLighting":false,"audioPlay":false,"sceneViewState":{"showFog":true,"showMaterialUpdate":true,"showSkybox":false,"showFlares":true,"showImageEffects":true,"showParticleSystems":true},"in2DMode":false,"pivot":{"x":0.0,"y":-0.15007132291793824,"z":0.1792830228805542},"rotation":{"x":0.027063021436333658,"y":0.9647457599639893,"z":-0.23762346804141999,"w":0.10987096279859543},"size":0.405064195394516,"orthographic":false}