{"cameraMode":{"drawMode":0,"name":"Shaded","section":"Shading Mode"},"sceneLighting":false,"audioPlay":false,"sceneViewState":{"showFog":true,"showMaterialUpdate":true,"showSkybox":false,"showFlares":true,"showImageEffects":true,"showParticleSystems":true},"in2DMode":false,"pivot":{"x":-8.852442741394043,"y":1.1666406393051148,"z":0.26413047313690188},"rotation":{"x":-0.00011216468556085601,"y":0.982194185256958,"z":-0.18787695467472077,"w":-0.0005919223767705262},"size":2.144840955734253,"orthographic":false}