{"cameraMode":{"drawMode":0,"name":"Shaded","section":"Shading Mode"},"sceneLighting":false,"audioPlay":false,"sceneViewState":{"showFog":true,"showMaterialUpdate":true,"showSkybox":false,"showFlares":true,"showImageEffects":true,"showParticleSystems":true},"in2DMode":false,"pivot":{"x":-7.352411270141602,"y":0.7783514261245728,"z":0.15508811175823213},"rotation":{"x":0.00241030752658844,"y":0.9969973564147949,"z":-0.06921261548995972,"w":0.03471042960882187},"size":1.724290370941162,"orthographic":false}