{"cameraMode":{"drawMode":0,"name":"Shaded","section":"Shading Mode"},"sceneLighting":false,"audioPlay":false,"sceneViewState":{"showFog":true,"showMaterialUpdate":true,"showSkybox":false,"showFlares":true,"showImageEffects":true,"showParticleSystems":true},"in2DMode":false,"pivot":{"x":2.4308130741119386,"y":1.319925308227539,"z":-1.2864913940429688},"rotation":{"x":0.24549272656440736,"y":0.24399305880069734,"z":-0.0639939159154892,"w":0.9360051155090332},"size":3.9932188987731935,"orthographic":false}