{"cameraMode":{"drawMode":0,"name":"Shaded","section":"Shading Mode"},"sceneLighting":false,"audioPlay":false,"sceneViewState":{"showFog":true,"showMaterialUpdate":true,"showSkybox":false,"showFlares":true,"showImageEffects":true,"showParticleSystems":true},"in2DMode":false,"pivot":{"x":-0.00003457069396972656,"y":0.682950496673584,"z":-0.006578952074050903},"rotation":{"x":-0.022145211696624757,"y":0.9691558480262756,"z":-0.09479329735040665,"w":-0.22641034424304963},"size":1.2101062536239625,"orthographic":true}