{"cameraMode":{"drawMode":0,"name":"Shaded","section":"Shading Mode"},"sceneLighting":false,"audioPlay":false,"sceneViewState":{"showFog":true,"showMaterialUpdate":true,"showSkybox":false,"showFlares":true,"showImageEffects":true,"showParticleSystems":true},"in2DMode":false,"pivot":{"x":0.011174947023391724,"y":1.3455967903137208,"z":-0.25807785987854006},"rotation":{"x":-0.013624805025756359,"y":0.9694024324417114,"z":-0.05531585216522217,"w":-0.2387707680463791},"size":0.9593356251716614,"orthographic":true}