{"cameraMode":{"drawMode":0,"name":"Shaded","section":"Shading Mode"},"sceneLighting":false,"audioPlay":false,"sceneViewState":{"showFog":true,"showMaterialUpdate":true,"showSkybox":false,"showFlares":true,"showImageEffects":true,"showParticleSystems":true},"in2DMode":false,"pivot":{"x":0.0,"y":0.8033182621002197,"z":-0.07230520248413086},"rotation":{"x":0.24549272656440736,"y":0.24399305880069734,"z":-0.0639939159154892,"w":0.9360051155090332},"size":1.3485970497131348,"orthographic":false}